Date,Time,Chl (ug/L),BGA-PE (ug/L),Turb (FNU),TSS (mg/L),ODO (%sat),ODO (mg/l),Temp (C),Cond (uS/cm),Sal (PPT),Pressure (psi a),Depth (m),latitude,longitude,timestamp,metadata,DateTime
"May 01, 2024",11:05:50,0.00,0.00,190.60,0.00,82.23,5.53,26.472,48978.86,31.95,14.73,10.145,25.90952778,-80.13707499,2024-05-01 11:05:50.032,{'asvid': 16},2024-05-01 11:05:50
"May 01, 2024",11:05:43,0.00,0.00,189.18,0.00,81.98,5.51,26.447,48963.95,31.94,14.73,10.147,25.909526985,-80.13707596166667,2024-05-01 11:05:43.951,{'asvid': 16},2024-05-01 11:05:43
"May 01, 2024",11:05:37,0.00,0.00,11.87,0.00,81.84,5.50,26.432,48939.32,31.92,14.73,10.148,25.909526615,-80.137076515,2024-05-01 11:05:37.870,{'asvid': 16},2024-05-01 11:05:37
"May 01, 2024",11:05:31,0.00,0.00,27.75,0.00,81.86,5.51,26.431,48926.17,31.91,14.73,10.148,25.909525926666667,-80.13707749333334,2024-05-01 11:05:31.773,{'asvid': 16},2024-05-01 11:05:31
"May 01, 2024",11:05:25,0.00,0.00,24.45,0.00,82.00,5.52,26.414,48917.07,31.91,14.73,10.149,25.909525543333334,-80.13707804833334,2024-05-01 11:05:25.631,{'asvid': 16},2024-05-01 11:05:25
"May 01, 2024",11:05:19,0.00,0.00,21.43,0.00,82.26,5.54,26.389,48922.47,31.91,14.73,10.150,25.909525115,-80.13707848666667,2024-05-01 11:05:19.552,{'asvid': 16},2024-05-01 11:05:19
"May 01, 2024",11:05:13,0.00,0.00,16.24,0.00,82.65,5.57,26.376,48924.95,31.91,14.74,10.154,25.90952430833333,-80.13707957,2024-05-01 11:05:13.481,{'asvid': 16},2024-05-01 11:05:13
"May 01, 2024",11:05:07,0.00,0.00,18.26,0.00,82.97,5.59,26.351,48945.71,31.93,14.75,10.161,25.90952387,-80.13708005166667,2024-05-01 11:05:07.421,{'asvid': 16},2024-05-01 11:05:07
"May 01, 2024",11:05:01,0.00,0.00,21.60,0.00,83.51,5.63,26.330,48965.75,31.94,14.76,10.168,25.90952303,-80.13708111333334,2024-05-01 11:05:01.348,{'asvid': 16},2024-05-01 11:05:01
"May 01, 2024",11:04:55,0.00,0.00,19.60,0.00,84.41,5.69,26.296,48981.11,31.96,14.77,10.175,25.909522541666668,-80.13708162,2024-05-01 11:04:55.254,{'asvid': 16},2024-05-01 11:04:55
"May 01, 2024",11:04:49,0.00,0.00,10.27,0.00,85.57,5.78,26.139,49036.51,32.00,14.78,10.182,25.909521628333334,-80.13708262333333,2024-05-01 11:04:49.171,{'asvid': 16},2024-05-01 11:04:49
"May 01, 2024",11:04:43,0.00,0.00,-0.35,0.00,86.83,5.88,25.968,49108.34,32.06,14.79,10.188,25.909521236666667,-80.137083135,2024-05-01 11:04:43.091,{'asvid': 16},2024-05-01 11:04:43
"May 01, 2024",11:04:37,0.00,0.00,-0.49,0.00,87.68,5.95,25.888,49146.91,32.09,14.80,10.192,25.909520751666665,-80.137083615,2024-05-01 11:04:37.019,{'asvid': 16},2024-05-01 11:04:37
"May 01, 2024",11:04:30,0.00,0.00,-0.55,0.00,88.13,5.98,25.835,49117.70,32.07,14.80,10.194,25.909519851666666,-80.13708453,2024-05-01 11:04:30.921,{'asvid': 16},2024-05-01 11:04:30
"May 01, 2024",11:04:24,0.00,0.00,-0.58,0.00,88.32,6.00,25.812,49130.38,32.08,14.80,10.193,25.909519395,-80.13708495166667,2024-05-01 11:04:24.817,{'asvid': 16},2024-05-01 11:04:24
"May 01, 2024",11:04:18,0.00,0.00,-0.58,0.00,88.45,6.01,25.796,49164.29,32.10,14.80,10.192,25.909518551666668,-80.13708581,2024-05-01 11:04:18.738,{'asvid': 16},2024-05-01 11:04:18
"May 01, 2024",11:04:12,0.00,0.00,-0.57,0.00,88.51,6.01,25.784,49190.99,32.12,14.79,10.188,25.909518691666666,-80.13708637333333,2024-05-01 11:04:12.660,{'asvid': 16},2024-05-01 11:04:12
"May 01, 2024",11:04:06,0.00,0.00,-0.59,0.00,88.45,6.01,25.764,49266.90,32.18,14.79,10.183,25.909519208333332,-80.13708708333333,2024-05-01 11:04:06.478,{'asvid': 16},2024-05-01 11:04:06
"May 01, 2024",11:04:00,0.00,0.00,-0.58,0.00,88.22,5.99,25.752,49357.36,32.25,14.79,10.181,25.909519393333333,-80.13708678833333,2024-05-01 11:04:00.376,{'asvid': 16},2024-05-01 11:04:00
"May 01, 2024",11:03:54,0.00,0.00,-0.56,0.00,88.10,5.98,25.753,49400.91,32.28,14.78,10.180,25.909519725,-80.137086545,2024-05-01 11:03:54.286,{'asvid': 16},2024-05-01 11:03:54
"May 01, 2024",11:03:48,0.00,0.00,-0.54,0.00,88.13,5.98,25.752,49407.51,32.28,14.78,10.177,25.90952018666667,-80.13708599,2024-05-01 11:03:48.206,{'asvid': 16},2024-05-01 11:03:48
"May 01, 2024",11:03:42,0.00,0.00,-0.53,0.00,88.14,5.99,25.755,49370.30,32.26,14.78,10.175,25.909520386666667,-80.137085555,2024-05-01 11:03:42.133,{'asvid': 16},2024-05-01 11:03:42
"May 01, 2024",11:03:36,0.00,0.00,-0.53,0.00,88.09,5.98,25.758,49339.01,32.23,14.77,10.174,25.909520945,-80.13708483666667,2024-05-01 11:03:36.038,{'asvid': 16},2024-05-01 11:03:36
"May 01, 2024",11:03:29,0.00,0.00,-0.56,0.00,88.02,5.98,25.760,49303.41,32.21,14.77,10.174,25.909521215,-80.13708446166666,2024-05-01 11:03:29.933,{'asvid': 16},2024-05-01 11:03:29
"May 01, 2024",11:03:23,0.00,0.00,-0.60,0.00,87.94,5.97,25.769,49230.29,32.15,14.77,10.172,25.909521683333335,-80.13708361166667,2024-05-01 11:03:23.842,{'asvid': 16},2024-05-01 11:03:23
"May 01, 2024",11:03:17,0.00,0.00,-0.60,0.00,87.80,5.96,25.769,49214.58,32.14,14.77,10.168,25.909522026666668,-80.137083245,2024-05-01 11:03:17.732,{'asvid': 16},2024-05-01 11:03:17
"May 01, 2024",11:03:11,0.00,0.00,-0.55,0.00,87.57,5.95,25.760,49361.00,32.25,14.76,10.165,25.909522336666665,-80.13708279333333,2024-05-01 11:03:11.633,{'asvid': 16},2024-05-01 11:03:11
"May 01, 2024",11:03:05,0.00,0.00,-0.50,0.00,87.41,5.93,25.754,49513.81,32.36,14.76,10.163,25.909523111666665,-80.13708209,2024-05-01 11:03:05.517,{'asvid': 16},2024-05-01 11:03:05
"May 01, 2024",11:02:59,0.00,0.00,-0.47,0.00,87.41,5.93,25.757,49542.46,32.38,14.76,10.161,25.909523578333335,-80.13708165,2024-05-01 11:02:59.430,{'asvid': 16},2024-05-01 11:02:59
"May 01, 2024",11:02:53,0.00,0.00,-0.48,0.00,87.45,5.93,25.757,49556.12,32.39,14.76,10.161,25.909524323333333,-80.137080665,2024-05-01 11:02:53.326,{'asvid': 16},2024-05-01 11:02:53
"May 01, 2024",11:02:47,0.00,0.00,-0.48,0.00,87.53,5.94,25.758,49579.13,32.41,14.76,10.161,25.90952476,-80.13708019,2024-05-01 11:02:47.245,{'asvid': 16},2024-05-01 11:02:47
"May 01, 2024",11:02:41,0.00,0.00,-0.46,0.00,87.62,5.95,25.755,49592.19,32.42,14.76,10.160,25.909525628333334,-80.13707932166666,2024-05-01 11:02:41.173,{'asvid': 16},2024-05-01 11:02:41
"May 01, 2024",11:02:35,0.00,0.00,-0.46,0.00,87.70,5.95,25.752,49581.79,32.41,14.76,10.161,25.909526058333334,-80.13707886333333,2024-05-01 11:02:35.097,{'asvid': 16},2024-05-01 11:02:35
"May 01, 2024",11:02:28,0.00,0.00,-0.41,0.00,87.81,5.96,25.751,49514.91,32.36,14.76,10.161,25.909527045,-80.13707805666667,2024-05-01 11:02:28.996,{'asvid': 16},2024-05-01 11:02:28
"May 01, 2024",11:02:22,0.00,0.00,-0.46,0.00,87.91,5.97,25.757,49357.63,32.25,14.76,10.162,25.909527531666665,-80.13707759166667,2024-05-01 11:02:22.893,{'asvid': 16},2024-05-01 11:02:22
"May 01, 2024",11:02:16,0.00,0.00,-0.52,0.00,87.96,5.98,25.767,49240.21,32.16,14.76,10.163,25.909528023333333,-80.13707710333334,2024-05-01 11:02:16.798,{'asvid': 16},2024-05-01 11:02:16
"May 01, 2024",11:02:10,0.00,0.00,-0.56,0.00,87.95,5.98,25.774,49202.96,32.13,14.76,10.164,25.90952913,-80.13707630666667,2024-05-01 11:02:10.698,{'asvid': 16},2024-05-01 11:02:10
"May 01, 2024",11:02:04,0.00,0.00,-0.58,0.00,87.92,5.97,25.779,49186.12,32.12,14.76,10.164,25.909529753333334,-80.137075955,2024-05-01 11:02:04.577,{'asvid': 16},2024-05-01 11:02:04
"May 01, 2024",11:01:58,0.00,0.00,-0.60,0.00,87.92,5.97,25.781,49170.93,32.11,14.76,10.165,25.909531018333332,-80.13707511833333,2024-05-01 11:01:58.496,{'asvid': 16},2024-05-01 11:01:58
"May 01, 2024",11:01:52,0.00,0.00,-0.59,0.00,87.95,5.98,25.778,49168.92,32.11,14.76,10.167,25.909531726666668,-80.13707464,2024-05-01 11:01:52.436,{'asvid': 16},2024-05-01 11:01:52
"May 01, 2024",11:01:46,0.00,0.00,-0.56,0.00,87.99,5.98,25.763,49209.69,32.14,14.76,10.167,25.90953241,-80.13707409666667,2024-05-01 11:01:46.359,{'asvid': 16},2024-05-01 11:01:46
"May 01, 2024",11:01:40,0.00,0.00,-0.51,0.00,87.96,5.98,25.750,49263.52,32.18,14.77,10.169,25.909533723333332,-80.13707294,2024-05-01 11:01:40.277,{'asvid': 16},2024-05-01 11:01:40
"May 01, 2024",11:01:34,0.00,0.00,-0.53,0.00,87.90,5.97,25.751,49256.49,32.17,14.77,10.170,25.909534458333333,-80.13707222333333,2024-05-01 11:01:34.177,{'asvid': 16},2024-05-01 11:01:34
"May 01, 2024",11:01:28,0.00,0.00,-0.56,0.00,87.87,5.97,25.764,49151.00,32.09,14.77,10.172,25.909535758333334,-80.13707069166666,2024-05-01 11:01:28.075,{'asvid': 16},2024-05-01 11:01:28
"May 01, 2024",11:01:21,0.00,0.00,-0.58,0.00,87.85,5.97,25.770,49099.42,32.06,14.77,10.175,25.909536401666667,-80.13706977833333,2024-05-01 11:01:21.896,{'asvid': 16},2024-05-01 11:01:21
"May 01, 2024",11:01:15,0.00,0.00,-0.61,0.00,87.83,5.97,25.766,49124.23,32.07,14.78,10.178,25.909537805,-80.13706795,2024-05-01 11:01:15.797,{'asvid': 16},2024-05-01 11:01:15
"May 01, 2024",11:01:09,0.00,0.00,-0.62,0.00,87.81,5.97,25.761,49125.63,32.08,14.78,10.180,25.909538481666665,-80.13706702166667,2024-05-01 11:01:09.704,{'asvid': 16},2024-05-01 11:01:09
"May 01, 2024",11:01:03,0.00,0.00,-0.62,0.00,87.84,5.97,25.770,49109.43,32.06,14.78,10.180,25.909539075,-80.137065965,2024-05-01 11:01:03.595,{'asvid': 16},2024-05-01 11:01:03
"May 01, 2024",11:00:57,0.00,0.00,-0.63,0.00,87.91,5.97,25.779,49085.89,32.05,14.78,10.178,25.90954002,-80.13706411833333,2024-05-01 11:00:57.506,{'asvid': 16},2024-05-01 11:00:57
"May 01, 2024",11:00:51,0.00,0.00,-0.60,0.00,87.91,5.98,25.782,49053.22,32.02,14.78,10.178,25.909540318333335,-80.137063345,2024-05-01 11:00:51.395,{'asvid': 16},2024-05-01 11:00:51
"May 01, 2024",11:00:45,0.00,0.00,-0.58,0.00,87.85,5.97,25.790,49000.80,31.98,14.78,10.179,25.90954056,-80.13706296,2024-05-01 11:00:45.327,{'asvid': 16},2024-05-01 11:00:45
"May 01, 2024",11:00:39,0.00,0.00,-0.60,0.00,87.80,5.97,25.810,48953.93,31.95,14.78,10.178,25.909540538333335,-80.13706317833334,2024-05-01 11:00:39.233,{'asvid': 16},2024-05-01 11:00:39
"May 01, 2024",11:00:33,0.00,0.00,-0.63,0.00,87.79,5.97,25.824,48921.80,31.93,14.78,10.178,25.909540018333335,-80.13706440666667,2024-05-01 11:00:33.133,{'asvid': 16},2024-05-01 11:00:33
"May 01, 2024",11:00:27,0.00,0.00,-0.62,0.00,87.80,5.97,25.824,48914.08,31.92,14.78,10.179,25.90953959,-80.13706530333333,2024-05-01 11:00:27.046,{'asvid': 16},2024-05-01 11:00:27
"May 01, 2024",11:00:20,0.00,0.00,-0.61,0.00,87.80,5.97,25.823,48911.85,31.92,14.78,10.181,25.909538948333335,-80.13706659666667,2024-05-01 11:00:20.842,{'asvid': 16},2024-05-01 11:00:20
"May 01, 2024",11:00:14,0.00,0.00,-0.62,0.00,87.69,5.96,25.818,48946.12,31.94,14.78,10.182,25.909537465,-80.13706735833334,2024-05-01 11:00:14.742,{'asvid': 16},2024-05-01 11:00:14
"May 01, 2024",11:00:08,0.00,0.00,-0.56,0.00,87.50,5.94,25.823,48992.99,31.98,14.78,10.181,25.90953699,-80.13706738333333,2024-05-01 11:00:08.641,{'asvid': 16},2024-05-01 11:00:08
"May 01, 2024",11:00:02,0.00,0.00,-0.53,0.00,87.32,5.93,25.851,49013.24,31.99,14.78,10.177,25.909536111666668,-80.13706733166667,2024-05-01 11:00:02.558,{'asvid': 16},2024-05-01 11:00:02
"May 01, 2024",10:59:56,0.00,0.00,-0.51,0.00,87.15,5.91,25.880,49027.15,32.00,14.77,10.174,25.909535646666665,-80.137067295,2024-05-01 10:59:56.474,{'asvid': 16},2024-05-01 10:59:56
"May 01, 2024",10:59:49,0.00,0.00,-0.51,0.00,86.93,5.90,25.905,49044.18,32.01,14.77,10.173,25.909534921666665,-80.13706715333333,2024-05-01 10:59:49.973,{'asvid': 16},2024-05-01 10:59:49
"May 01, 2024",10:59:43,0.00,0.00,-0.50,0.00,86.67,5.88,25.919,49085.69,32.04,14.77,10.171,25.909534521666668,-80.137066975,2024-05-01 10:59:43.863,{'asvid': 16},2024-05-01 10:59:43
"May 01, 2024",10:59:37,0.00,0.00,-0.47,0.00,86.49,5.86,25.923,49129.34,32.07,14.77,10.169,25.909534025,-80.13706671166666,2024-05-01 10:59:37.757,{'asvid': 16},2024-05-01 10:59:37
"May 01, 2024",10:59:31,0.00,0.00,-0.47,0.00,86.46,5.86,25.924,49141.28,32.08,14.76,10.167,25.909532815,-80.13706613666666,2024-05-01 10:59:31.667,{'asvid': 16},2024-05-01 10:59:31
"May 01, 2024",10:59:25,0.00,0.00,-0.49,0.00,86.47,5.86,25.925,49147.88,32.09,14.76,10.167,25.909532606666666,-80.13706629666666,2024-05-01 10:59:25.592,{'asvid': 16},2024-05-01 10:59:25
"May 01, 2024",10:59:19,0.00,0.00,-0.47,0.00,86.43,5.86,25.924,49147.93,32.09,14.76,10.167,25.909532575,-80.13706651,2024-05-01 10:59:19.508,{'asvid': 16},2024-05-01 10:59:19
"May 01, 2024",10:59:13,0.00,0.00,-0.47,0.00,86.30,5.85,25.929,49144.43,32.09,14.76,10.168,25.909532426666665,-80.13706680166666,2024-05-01 10:59:13.391,{'asvid': 16},2024-05-01 10:59:13
"May 01, 2024",10:59:07,0.00,0.00,-0.47,0.00,86.16,5.84,25.936,49138.78,32.08,14.76,10.168,25.909532285,-80.13706696,2024-05-01 10:59:07.300,{'asvid': 16},2024-05-01 10:59:07
"May 01, 2024",10:59:01,0.00,0.00,-0.51,0.00,86.03,5.83,25.939,49135.51,32.08,14.76,10.167,25.909531996666665,-80.13706718833333,2024-05-01 10:59:01.096,{'asvid': 16},2024-05-01 10:59:01
"May 01, 2024",10:58:55,0.00,0.00,-0.52,0.00,85.98,5.83,25.939,49134.77,32.08,14.76,10.167,25.90953185,-80.13706739166666,2024-05-01 10:58:55.009,{'asvid': 16},2024-05-01 10:58:55
"May 01, 2024",10:58:48,0.00,0.00,-0.51,0.00,85.99,5.83,25.934,49138.18,32.08,14.76,10.167,25.90953158,-80.13706809666667,2024-05-01 10:58:48.918,{'asvid': 16},2024-05-01 10:58:48
"May 01, 2024",10:58:42,0.00,0.00,-0.51,0.00,85.96,5.83,25.927,49146.32,32.09,14.76,10.167,25.909531363333333,-80.13706836166666,2024-05-01 10:58:42.831,{'asvid': 16},2024-05-01 10:58:42
"May 01, 2024",10:58:36,0.00,0.00,-0.52,0.00,85.94,5.83,25.924,49151.63,32.09,14.76,10.167,25.909531151666666,-80.13706866666666,2024-05-01 10:58:36.736,{'asvid': 16},2024-05-01 10:58:36
"May 01, 2024",10:58:30,0.00,0.00,-0.48,0.00,85.92,5.82,25.926,49160.16,32.10,14.76,10.167,25.909530836666665,-80.13706938,2024-05-01 10:58:30.651,{'asvid': 16},2024-05-01 10:58:30
"May 01, 2024",10:58:24,0.00,0.00,-0.45,0.00,85.86,5.82,25.931,49172.04,32.11,14.76,10.167,25.909530681666666,-80.13706972166666,2024-05-01 10:58:24.557,{'asvid': 16},2024-05-01 10:58:24
"May 01, 2024",10:58:18,0.00,0.00,-0.42,0.00,85.70,5.81,25.937,49189.84,32.12,14.76,10.167,25.909530268333334,-80.13707050833334,2024-05-01 10:58:18.456,{'asvid': 16},2024-05-01 10:58:18
"May 01, 2024",10:58:12,0.00,0.00,-0.43,0.00,85.51,5.79,25.946,49207.48,32.13,14.76,10.166,25.909529965,-80.137070895,2024-05-01 10:58:12.367,{'asvid': 16},2024-05-01 10:58:12
"May 01, 2024",10:58:06,0.00,0.00,-0.37,0.00,85.45,5.79,25.957,49212.35,32.13,14.76,10.167,25.9095293,-80.13707149833333,2024-05-01 10:58:06.257,{'asvid': 16},2024-05-01 10:58:06
"May 01, 2024",10:58:00,0.00,0.00,-0.37,0.00,85.61,5.80,25.971,49195.75,32.12,14.76,10.167,25.909528878333333,-80.13707188833334,2024-05-01 10:58:00.067,{'asvid': 16},2024-05-01 10:58:00
"May 01, 2024",10:57:53,0.00,0.00,-0.36,0.00,85.79,5.81,25.980,49165.65,32.10,14.76,10.167,25.909528255,-80.13707275,2024-05-01 10:57:53.998,{'asvid': 16},2024-05-01 10:57:53
"May 01, 2024",10:57:47,0.00,0.00,-0.36,0.00,85.90,5.82,25.982,49141.97,32.08,14.76,10.167,25.90952794,-80.137073265,2024-05-01 10:57:47.897,{'asvid': 16},2024-05-01 10:57:47
"May 01, 2024",10:57:41,0.00,0.00,-0.40,0.00,86.00,5.82,25.983,49131.71,32.07,14.76,10.168,25.909527183333335,-80.13707436833333,2024-05-01 10:57:41.826,{'asvid': 16},2024-05-01 10:57:41
"May 01, 2024",10:57:35,0.00,0.00,-0.44,0.00,86.07,5.83,25.983,49126.37,32.07,14.76,10.169,25.909526845,-80.13707510833333,2024-05-01 10:57:35.742,{'asvid': 16},2024-05-01 10:57:35
"May 01, 2024",10:57:29,0.00,0.00,-0.47,0.00,86.12,5.83,25.988,49119.84,32.07,14.77,10.170,25.909526115,-80.13707645666666,2024-05-01 10:57:29.557,{'asvid': 16},2024-05-01 10:57:29
"May 01, 2024",10:57:23,0.00,0.00,-0.49,0.00,86.17,5.84,25.988,49122.63,32.07,14.77,10.170,25.90952602833333,-80.13707701,2024-05-01 10:57:23.456,{'asvid': 16},2024-05-01 10:57:23
"May 01, 2024",10:57:17,0.00,0.00,-0.50,0.00,86.37,5.85,25.979,49129.75,32.07,14.77,10.170,25.909525988333332,-80.1370784,2024-05-01 10:57:17.360,{'asvid': 16},2024-05-01 10:57:17
"May 01, 2024",10:57:11,0.00,0.00,-0.49,0.00,86.77,5.88,25.965,49122.75,32.07,14.77,10.170,25.90952588,-80.13707909333333,2024-05-01 10:57:11.176,{'asvid': 16},2024-05-01 10:57:11
"May 01, 2024",10:57:05,0.00,0.00,-0.47,0.00,87.09,5.91,25.922,49100.33,32.05,14.77,10.171,25.909525895,-80.13708065166666,2024-05-01 10:57:05.087,{'asvid': 16},2024-05-01 10:57:05
"May 01, 2024",10:56:58,0.00,0.00,-0.47,0.00,87.21,5.92,25.868,49068.49,32.03,14.77,10.172,25.909525778333332,-80.13708147,2024-05-01 10:56:58.605,{'asvid': 16},2024-05-01 10:56:58
"May 01, 2024",10:56:52,0.00,0.00,-0.52,0.00,87.22,5.92,25.841,48995.96,31.98,14.77,10.171,25.90952551333333,-80.13708417666666,2024-05-01 10:56:52.539,{'asvid': 16},2024-05-01 10:56:52
"May 01, 2024",10:56:46,0.00,0.00,-0.54,0.00,87.20,5.93,25.828,48933.38,31.93,14.77,10.171,25.909526043333333,-80.13708557,2024-05-01 10:56:46.438,{'asvid': 16},2024-05-01 10:56:46
"May 01, 2024",10:56:40,0.00,0.00,-0.54,0.00,87.13,5.92,25.815,48896.07,31.91,14.77,10.171,25.909527676666666,-80.13708606166666,2024-05-01 10:56:40.241,{'asvid': 16},2024-05-01 10:56:40
"May 01, 2024",10:56:34,0.00,0.00,-0.57,0.00,87.00,5.92,25.803,48881.90,31.90,14.77,10.172,25.909528965,-80.137086465,2024-05-01 10:56:34.162,{'asvid': 16},2024-05-01 10:56:34
"May 01, 2024",10:56:28,0.00,0.00,-0.55,0.00,86.83,5.90,25.795,48872.32,31.89,14.77,10.172,25.90953175,-80.13708917666666,2024-05-01 10:56:28.000,{'asvid': 16},2024-05-01 10:56:28
"May 01, 2024",10:56:21,0.00,0.00,-0.55,0.00,86.66,5.89,25.794,48840.40,31.87,14.77,10.172,25.909531783333332,-80.13708963666667,2024-05-01 10:56:21.933,{'asvid': 16},2024-05-01 10:56:21
"May 01, 2024",10:56:15,0.00,0.00,-0.54,0.00,86.44,5.88,25.811,48838.73,31.86,14.77,10.172,25.909531961666666,-80.13709039,2024-05-01 10:56:15.827,{'asvid': 16},2024-05-01 10:56:15
"May 01, 2024",10:56:09,0.00,0.00,-0.51,0.00,86.08,5.85,25.847,48873.68,31.89,14.77,10.174,25.909531946666668,-80.13709082833333,2024-05-01 10:56:09.621,{'asvid': 16},2024-05-01 10:56:09
"May 01, 2024",10:56:03,0.00,0.00,-0.53,0.00,85.46,5.80,25.899,48912.54,31.92,14.77,10.174,25.909531861666668,-80.13709175,2024-05-01 10:56:03.533,{'asvid': 16},2024-05-01 10:56:03
"May 01, 2024",10:55:57,0.00,0.00,-0.51,0.00,84.19,5.71,25.953,48949.55,31.94,14.77,10.173,25.909531835,-80.13709228833333,2024-05-01 10:55:57.451,{'asvid': 16},2024-05-01 10:55:57
"May 01, 2024",10:55:51,0.00,0.00,-0.43,0.00,82.82,5.61,26.008,48970.14,31.96,14.77,10.173,25.909531915,-80.13709338166667,2024-05-01 10:55:51.368,{'asvid': 16},2024-05-01 10:55:51
"May 01, 2024",10:55:45,0.00,0.00,-0.34,0.00,82.26,5.57,26.035,49009.44,31.98,14.77,10.173,25.909531991666668,-80.137094515,2024-05-01 10:55:45.272,{'asvid': 16},2024-05-01 10:55:45
"May 01, 2024",10:55:39,0.00,0.00,-0.11,0.00,82.20,5.56,26.078,49113.99,32.06,14.77,10.172,25.909532,-80.13709520333333,2024-05-01 10:55:39.190,{'asvid': 16},2024-05-01 10:55:39
"May 01, 2024",10:55:33,0.00,0.00,0.16,0.00,76.00,5.13,26.134,49176.21,32.10,14.77,10.172,25.909532231666667,-80.137096605,2024-05-01 10:55:33.112,{'asvid': 16},2024-05-01 10:55:33
"May 01, 2024",10:55:27,0.00,0.00,0.12,0.00,76.55,5.17,26.104,49217.68,32.13,14.77,10.172,25.909532433333332,-80.1370974,2024-05-01 10:55:27.021,{'asvid': 16},2024-05-01 10:55:27
"May 01, 2024",10:55:20,0.00,0.00,-0.11,0.00,82.41,5.57,26.074,49248.88,32.16,14.77,10.172,25.909532905,-80.13709914,2024-05-01 10:55:20.831,{'asvid': 16},2024-05-01 10:55:20
"May 01, 2024",10:55:14,0.00,0.00,-0.25,0.00,84.34,5.70,26.058,49196.27,32.12,14.77,10.172,25.909533215,-80.137100025,2024-05-01 10:55:14.748,{'asvid': 16},2024-05-01 10:55:14
"May 01, 2024",10:55:08,0.00,0.00,-0.37,0.00,86.04,5.82,26.006,49135.72,32.08,14.77,10.172,25.909533953333334,-80.137101915,2024-05-01 10:55:08.558,{'asvid': 16},2024-05-01 10:55:08
"May 01, 2024",10:55:02,0.00,0.00,-0.50,0.00,86.87,5.89,25.943,49080.11,32.04,14.77,10.172,25.90953445,-80.13710291166667,2024-05-01 10:55:02.479,{'asvid': 16},2024-05-01 10:55:02
"May 01, 2024",10:54:56,0.00,0.00,-0.57,0.00,86.98,5.90,25.878,49031.51,32.00,14.77,10.172,25.90953553,-80.13710500833334,2024-05-01 10:54:56.388,{'asvid': 16},2024-05-01 10:54:56
"May 01, 2024",10:54:50,0.00,0.00,-0.58,0.00,86.86,5.90,25.840,48998.59,31.98,14.77,10.171,25.909536166666665,-80.137106165,2024-05-01 10:54:50.283,{'asvid': 16},2024-05-01 10:54:50
"May 01, 2024",10:54:44,0.00,0.00,-0.55,0.00,86.74,5.89,25.830,48982.99,31.97,14.77,10.171,25.909537585,-80.13710740333333,2024-05-01 10:54:44.201,{'asvid': 16},2024-05-01 10:54:44
"May 01, 2024",10:54:38,0.00,0.00,-0.57,0.00,86.56,5.88,25.828,48926.37,31.93,14.77,10.172,25.9095383,-80.13710812833334,2024-05-01 10:54:38.021,{'asvid': 16},2024-05-01 10:54:38
"May 01, 2024",10:54:31,0.00,0.00,-0.57,0.00,86.22,5.86,25.843,48891.95,31.90,14.77,10.174,25.909539971666668,-80.13710952,2024-05-01 10:54:31.940,{'asvid': 16},2024-05-01 10:54:31
"May 01, 2024",10:54:25,0.00,0.00,-0.56,0.00,85.67,5.82,25.866,48891.07,31.90,14.77,10.174,25.90954084,-80.13711024166666,2024-05-01 10:54:25.856,{'asvid': 16},2024-05-01 10:54:25
"May 01, 2024",10:54:19,0.00,0.00,-0.54,0.00,84.83,5.76,25.886,48898.81,31.91,14.77,10.174,25.909542583333334,-80.13711166166667,2024-05-01 10:54:19.641,{'asvid': 16},2024-05-01 10:54:19
"May 01, 2024",10:54:13,0.00,0.00,-0.46,0.00,83.22,5.64,25.924,48927.70,31.93,14.77,10.175,25.909543491666668,-80.137112335,2024-05-01 10:54:13.543,{'asvid': 16},2024-05-01 10:54:13
"May 01, 2024",10:54:07,0.00,0.00,-0.33,0.00,81.91,5.55,25.995,48937.59,31.93,14.77,10.175,25.909545368333333,-80.13711368333334,2024-05-01 10:54:07.451,{'asvid': 16},2024-05-01 10:54:07
"May 01, 2024",10:54:01,0.00,0.00,-0.05,0.00,79.95,5.41,26.093,48967.00,31.95,14.77,10.174,25.90954637666667,-80.13711444833334,2024-05-01 10:54:01.323,{'asvid': 16},2024-05-01 10:54:01
"May 01, 2024",10:53:55,0.00,0.00,0.30,0.00,72.04,4.86,26.183,49002.09,31.98,14.77,10.173,25.909548393333335,-80.13711594833333,2024-05-01 10:53:55.217,{'asvid': 16},2024-05-01 10:53:55
"May 01, 2024",10:53:49,0.00,0.00,0.37,0.00,72.48,4.89,26.227,49020.16,31.99,14.77,10.172,25.909550425,-80.13711751833333,2024-05-01 10:53:49.011,{'asvid': 16},2024-05-01 10:53:49
"May 01, 2024",10:53:42,0.00,0.00,0.40,0.00,73.83,4.98,26.229,49000.13,31.97,14.77,10.172,25.909551456666666,-80.13711835333334,2024-05-01 10:53:42.924,{'asvid': 16},2024-05-01 10:53:42
"May 01, 2024",10:53:36,0.00,0.00,0.32,0.00,75.75,5.11,26.160,49140.90,32.08,14.77,10.171,25.90955350833333,-80.137120085,2024-05-01 10:53:36.725,{'asvid': 16},2024-05-01 10:53:36
"May 01, 2024",10:53:30,0.00,0.00,0.18,0.00,76.51,5.17,26.110,49304.27,32.20,14.77,10.170,25.909554591666666,-80.13712098166667,2024-05-01 10:53:30.658,{'asvid': 16},2024-05-01 10:53:30
"May 01, 2024",10:53:24,0.00,0.00,0.17,0.00,76.78,5.18,26.108,49322.04,32.21,14.77,10.170,25.909556788333333,-80.13712304,2024-05-01 10:53:24.532,{'asvid': 16},2024-05-01 10:53:24
"May 01, 2024",10:53:18,0.00,0.00,0.12,0.00,77.84,5.26,26.103,49283.49,32.18,14.77,10.171,25.909557845,-80.13712410166667,2024-05-01 10:53:18.346,{'asvid': 16},2024-05-01 10:53:18
"May 01, 2024",10:53:12,0.00,0.00,-0.01,0.00,78.61,5.32,26.071,49216.55,32.13,14.77,10.172,25.909560851666665,-80.13712723,2024-05-01 10:53:12.257,{'asvid': 16},2024-05-01 10:53:12
"May 01, 2024",10:53:06,0.00,0.00,-0.23,0.00,81.09,5.49,26.012,49146.11,32.08,14.77,10.172,25.909562305,-80.13713023,2024-05-01 10:53:06.131,{'asvid': 16},2024-05-01 10:53:06
"May 01, 2024",10:53:00,0.00,0.00,-0.46,0.00,86.18,5.84,25.956,49055.54,32.02,14.77,10.172,25.90956291,-80.13713670666667,2024-05-01 10:53:00.047,{'asvid': 16},2024-05-01 10:53:00
"May 01, 2024",10:52:53,0.00,0.00,-0.59,0.00,86.35,5.86,25.921,48948.54,31.94,14.77,10.172,25.909560998333333,-80.13713969333334,2024-05-01 10:52:53.937,{'asvid': 16},2024-05-01 10:52:53
"May 01, 2024",10:52:47,0.00,0.00,-0.60,0.00,85.74,5.82,25.917,48918.71,31.92,14.77,10.173,25.90955751,-80.137141535,2024-05-01 10:52:47.735,{'asvid': 16},2024-05-01 10:52:47
"May 01, 2024",10:52:41,0.00,0.00,-0.54,0.00,84.70,5.75,25.934,48915.25,31.92,14.77,10.174,25.909556133333332,-80.13714177,2024-05-01 10:52:41.622,{'asvid': 16},2024-05-01 10:52:41
"May 01, 2024",10:52:35,0.00,0.00,-0.51,0.00,82.79,5.61,25.963,48885.23,31.90,14.77,10.174,25.9095527,-80.13714202166666,2024-05-01 10:52:35.525,{'asvid': 16},2024-05-01 10:52:35
"May 01, 2024",10:52:29,0.00,0.00,-0.44,0.00,80.95,5.48,26.019,48884.57,31.89,14.77,10.174,25.909550733333333,-80.13714191166666,2024-05-01 10:52:29.451,{'asvid': 16},2024-05-01 10:52:29
"May 01, 2024",10:52:23,0.00,0.00,-0.12,0.00,79.15,5.35,26.125,48914.77,31.91,14.77,10.174,25.90954856,-80.13714063333333,2024-05-01 10:52:23.379,{'asvid': 16},2024-05-01 10:52:23
"May 01, 2024",10:52:17,0.00,0.00,0.32,0.00,75.38,5.09,26.251,48835.05,31.85,14.77,10.175,25.909547771666666,-80.13713987666667,2024-05-01 10:52:17.181,{'asvid': 16},2024-05-01 10:52:17
"May 01, 2024",10:52:11,0.00,0.00,0.45,0.00,72.53,4.90,26.257,48902.18,31.90,14.77,10.174,25.909545988333335,-80.13713821166667,2024-05-01 10:52:11.087,{'asvid': 16},2024-05-01 10:52:11
"May 01, 2024",10:52:04,0.00,0.00,0.16,0.00,75.50,5.10,26.052,49383.19,32.26,14.77,10.169,25.909545606666665,-80.13713760666667,2024-05-01 10:52:04.983,{'asvid': 16},2024-05-01 10:52:04
"May 01, 2024",10:51:58,0.00,0.00,-0.18,0.00,83.85,5.67,25.854,49881.27,32.63,14.77,10.165,25.90954521,-80.13713652666667,2024-05-01 10:51:58.846,{'asvid': 16},2024-05-01 10:51:58
"May 01, 2024",10:51:52,0.00,0.00,-0.35,0.00,83.47,5.65,25.844,49940.23,32.67,14.76,10.164,25.909545093333332,-80.13713598,2024-05-01 10:51:52.747,{'asvid': 16},2024-05-01 10:51:52
"May 01, 2024",10:51:46,0.00,0.00,-0.33,0.00,83.40,5.64,25.838,49911.26,32.65,14.76,10.164,25.90954483166667,-80.13713483833334,2024-05-01 10:51:46.537,{'asvid': 16},2024-05-01 10:51:46
"May 01, 2024",10:51:40,0.00,0.00,-0.29,0.00,83.05,5.62,25.808,49948.38,32.68,14.77,10.164,25.909544721666666,-80.13713424833334,2024-05-01 10:51:40.447,{'asvid': 16},2024-05-01 10:51:40
"May 01, 2024",10:51:34,0.00,0.00,-0.25,0.00,81.85,5.54,25.844,49897.52,32.64,14.77,10.165,25.909544558333334,-80.13713306,2024-05-01 10:51:34.348,{'asvid': 16},2024-05-01 10:51:34
"May 01, 2024",10:51:28,0.00,0.00,-0.20,0.00,81.09,5.48,25.890,49798.09,32.57,14.77,10.167,25.909544456666666,-80.13713245666666,2024-05-01 10:51:28.120,{'asvid': 16},2024-05-01 10:51:28
"May 01, 2024",10:51:22,0.00,0.00,-0.14,0.00,80.93,5.47,25.911,49747.87,32.53,14.77,10.168,25.909544603333334,-80.137131835,2024-05-01 10:51:22.026,{'asvid': 16},2024-05-01 10:51:22
"May 01, 2024",10:51:15,0.00,0.00,-0.13,0.00,81.00,5.48,25.907,49765.98,32.54,14.77,10.168,25.909545105,-80.137131415,2024-05-01 10:51:15.921,{'asvid': 16},2024-05-01 10:51:15
"May 01, 2024",10:51:09,0.00,0.00,-0.06,0.00,81.35,5.50,25.957,49658.81,32.46,14.77,10.170,25.909545243333334,-80.13713118166666,2024-05-01 10:51:09.821,{'asvid': 16},2024-05-01 10:51:09
"May 01, 2024",10:51:03,0.00,0.00,0.11,0.00,76.08,5.14,26.099,49356.65,32.24,14.77,10.173,25.909545741666665,-80.13713087,2024-05-01 10:51:03.687,{'asvid': 16},2024-05-01 10:51:03
"May 01, 2024",10:50:57,0.00,0.00,0.09,0.00,74.82,5.05,26.158,49099.82,32.05,14.77,10.173,25.909546001666666,-80.13713073166667,2024-05-01 10:50:57.470,{'asvid': 16},2024-05-01 10:50:57
"May 01, 2024",10:50:51,0.00,0.00,-0.23,0.00,80.86,5.47,26.095,49013.65,31.99,14.77,10.173,25.909546985,-80.13712819333334,2024-05-01 10:50:51.394,{'asvid': 16},2024-05-01 10:50:51
"May 01, 2024",10:50:45,0.00,0.00,-0.31,0.00,81.57,5.52,26.070,48975.63,31.96,14.77,10.174,25.90954771,-80.137126195,2024-05-01 10:50:45.326,{'asvid': 16},2024-05-01 10:50:45
"May 01, 2024",10:50:39,0.00,0.00,0.11,0.00,75.24,5.09,26.137,48847.32,31.86,14.77,10.176,25.909549146666667,-80.13712176166666,2024-05-01 10:50:39.217,{'asvid': 16},2024-05-01 10:50:39
"May 01, 2024",10:50:33,0.00,0.00,0.53,0.00,70.30,4.75,26.261,48615.89,31.69,14.77,10.178,25.909550016666667,-80.13711913833333,2024-05-01 10:50:33.118,{'asvid': 16},2024-05-01 10:50:33
"May 01, 2024",10:50:26,0.00,0.00,0.66,0.00,67.18,4.53,26.327,48515.04,31.62,14.77,10.178,25.909551581666665,-80.13711392333333,2024-05-01 10:50:26.845,{'asvid': 16},2024-05-01 10:50:26
"May 01, 2024",10:50:20,0.00,0.00,0.47,0.00,68.89,4.65,26.209,48906.40,31.90,14.77,10.175,25.909552408333333,-80.13711108,2024-05-01 10:50:20.747,{'asvid': 16},2024-05-01 10:50:20
"May 01, 2024",10:50:14,0.00,0.00,0.26,0.00,76.83,5.19,26.085,49362.91,32.24,14.77,10.172,25.909554098333334,-80.137104635,2024-05-01 10:50:14.614,{'asvid': 16},2024-05-01 10:50:14
"May 01, 2024",10:50:08,0.00,0.00,0.10,0.00,78.18,5.28,26.051,49501.29,32.34,14.77,10.170,25.90955494,-80.1371009,2024-05-01 10:50:08.522,{'asvid': 16},2024-05-01 10:50:08
"May 01, 2024",10:50:02,0.00,0.00,0.01,0.00,79.61,5.37,26.080,49490.23,32.34,14.77,10.169,25.909556845,-80.13709284333333,2024-05-01 10:50:02.418,{'asvid': 16},2024-05-01 10:50:02
"May 01, 2024",10:49:56,0.00,0.00,-0.12,0.00,80.54,5.43,26.111,49529.98,32.36,14.77,10.168,25.909557753333335,-80.13708815833333,2024-05-01 10:49:56.200,{'asvid': 16},2024-05-01 10:49:56
"May 01, 2024",10:49:50,0.00,0.00,-0.11,0.00,81.07,5.46,26.166,49487.23,32.33,14.76,10.167,25.909559491666666,-80.13707684,2024-05-01 10:49:50.125,{'asvid': 16},2024-05-01 10:49:50
"May 01, 2024",10:49:44,0.00,0.00,-0.16,0.00,81.18,5.48,26.038,49643.64,32.45,14.76,10.165,25.909560113333335,-80.13707040166666,2024-05-01 10:49:44.021,{'asvid': 16},2024-05-01 10:49:44
"May 01, 2024",10:49:37,0.00,0.00,-0.30,0.00,85.42,5.78,25.820,49973.19,32.70,14.76,10.163,25.90956162333333,-80.137055255,2024-05-01 10:49:37.916,{'asvid': 16},2024-05-01 10:49:37
"May 01, 2024",10:49:31,0.00,0.00,-0.30,0.00,84.71,5.74,25.765,50041.22,32.75,14.76,10.163,25.9095616,-80.13705258833333,2024-05-01 10:49:31.838,{'asvid': 16},2024-05-01 10:49:31
"May 01, 2024",10:49:25,0.00,0.00,-0.22,0.00,84.43,5.72,25.791,49933.09,32.67,14.77,10.165,25.909559365,-80.13705980666667,2024-05-01 10:49:25.737,{'asvid': 16},2024-05-01 10:49:25
"May 01, 2024",10:49:19,0.00,0.00,-0.23,0.00,84.57,5.73,25.774,49953.90,32.68,14.77,10.166,25.909557211666666,-80.13706418666666,2024-05-01 10:49:19.617,{'asvid': 16},2024-05-01 10:49:19
"May 01, 2024",10:49:13,0.00,0.00,-0.22,0.00,84.75,5.74,25.767,49958.62,32.69,14.77,10.168,25.909551606666668,-80.13706946,2024-05-01 10:49:13.516,{'asvid': 16},2024-05-01 10:49:13
"May 01, 2024",10:49:07,0.00,0.00,-0.25,0.00,84.78,5.74,25.752,49985.64,32.71,14.77,10.168,25.909549136666666,-80.13707202333333,2024-05-01 10:49:07.440,{'asvid': 16},2024-05-01 10:49:07
"May 01, 2024",10:49:01,0.00,0.00,-0.20,0.00,84.47,5.72,25.747,49977.95,32.70,14.77,10.170,25.909543811666666,-80.13707802333333,2024-05-01 10:49:01.352,{'asvid': 16},2024-05-01 10:49:01
"May 01, 2024",10:48:55,0.00,0.00,-0.21,0.00,83.78,5.68,25.752,49948.58,32.68,14.78,10.172,25.909537083333333,-80.13708548,2024-05-01 10:48:55.201,{'asvid': 16},2024-05-01 10:48:55
"May 01, 2024",10:48:49,0.00,0.00,-0.19,0.00,83.25,5.64,25.779,49890.21,32.64,14.77,10.171,25.909533078333332,-80.13708999,2024-05-01 10:48:49.100,{'asvid': 16},2024-05-01 10:48:49
"May 01, 2024",10:48:43,0.00,0.00,-0.19,0.00,83.31,5.64,25.785,49871.23,32.62,14.77,10.170,25.90952257,-80.13710102,2024-05-01 10:48:43.014,{'asvid': 16},2024-05-01 10:48:43
"May 01, 2024",10:48:36,0.00,0.00,-0.18,0.00,83.40,5.65,25.761,49911.18,32.65,14.77,10.169,25.909518756666667,-80.13710457166667,2024-05-01 10:48:36.906,{'asvid': 16},2024-05-01 10:48:36
"May 01, 2024",10:48:30,0.00,0.00,-0.15,0.00,82.98,5.62,25.766,49861.12,32.61,14.77,10.171,25.909526611666667,-80.13709809833334,2024-05-01 10:48:30.809,{'asvid': 16},2024-05-01 10:48:30
"May 01, 2024",10:48:24,0.00,0.00,-0.10,0.00,83.48,5.65,25.807,49795.05,32.57,14.77,10.171,25.909533185,-80.13709329166667,2024-05-01 10:48:24.716,{'asvid': 16},2024-05-01 10:48:24
"May 01, 2024",10:48:18,0.00,0.00,-0.18,0.00,84.98,5.76,25.785,49903.86,32.65,14.77,10.169,25.909549633333334,-80.13708251,2024-05-01 10:48:18.645,{'asvid': 16},2024-05-01 10:48:18
"May 01, 2024",10:48:12,0.00,0.00,-0.30,0.00,85.38,5.79,25.712,50048.22,32.75,14.77,10.168,25.909558118333333,-80.13707665833333,2024-05-01 10:48:12.567,{'asvid': 16},2024-05-01 10:48:12
"May 01, 2024",10:48:06,0.00,0.00,-0.27,0.00,84.38,5.72,25.700,50001.02,32.72,14.77,10.167,25.909562665,-80.13707323,2024-05-01 10:48:06.476,{'asvid': 16},2024-05-01 10:48:06
"May 01, 2024",10:48:00,0.00,0.00,-0.17,0.00,83.68,5.67,25.711,49938.61,32.67,14.77,10.170,25.90956287,-80.13707304,2024-05-01 10:48:00.408,{'asvid': 16},2024-05-01 10:48:00
"May 01, 2024",10:47:54,0.00,0.00,-0.16,0.00,83.33,5.65,25.712,49984.21,32.71,14.77,10.167,25.909563133333332,-80.13707278833333,2024-05-01 10:47:54.317,{'asvid': 16},2024-05-01 10:47:54
"May 01, 2024",10:47:48,0.00,0.00,-0.10,0.00,82.77,5.61,25.744,49930.26,32.67,14.76,10.164,25.909563243333334,-80.13707265,2024-05-01 10:47:48.236,{'asvid': 16},2024-05-01 10:47:48
"May 01, 2024",10:47:42,0.00,0.00,-0.11,0.00,82.25,5.57,25.754,49896.49,32.64,14.76,10.163,25.909563546666668,-80.13707242166667,2024-05-01 10:47:42.166,{'asvid': 16},2024-05-01 10:47:42
"May 01, 2024",10:47:36,0.00,0.00,-0.08,0.00,81.78,5.54,25.750,49890.59,32.64,14.76,10.162,25.909563711666667,-80.13707233166667,2024-05-01 10:47:36.091,{'asvid': 16},2024-05-01 10:47:36
"May 01, 2024",10:47:29,0.00,0.00,-0.08,0.00,81.16,5.50,25.766,49830.75,32.59,14.76,10.162,25.909564181666667,-80.13707220166667,2024-05-01 10:47:29.997,{'asvid': 16},2024-05-01 10:47:29
"May 01, 2024",10:47:23,0.00,0.00,-0.08,0.00,80.68,5.47,25.771,49800.14,32.57,14.76,10.159,25.90956431,-80.137072065,2024-05-01 10:47:23.915,{'asvid': 16},2024-05-01 10:47:23
"May 01, 2024",10:47:17,0.00,0.00,-0.07,0.00,80.12,5.43,25.809,49727.59,32.52,14.76,10.159,25.909564905,-80.137071975,2024-05-01 10:47:17.846,{'asvid': 16},2024-05-01 10:47:17
"May 01, 2024",10:47:11,0.00,0.00,0.00,0.00,80.17,5.43,25.821,49714.57,32.51,14.76,10.159,25.909565228333335,-80.13707198166667,2024-05-01 10:47:11.770,{'asvid': 16},2024-05-01 10:47:11
"May 01, 2024",10:47:05,0.00,0.00,0.02,0.00,81.05,5.49,25.789,49768.37,32.55,14.76,10.158,25.909565803333333,-80.13707196166666,2024-05-01 10:47:05.678,{'asvid': 16},2024-05-01 10:47:05
"May 01, 2024",10:46:59,0.00,0.00,0.00,0.00,81.68,5.54,25.754,49814.61,32.58,14.76,10.158,25.909566131666665,-80.13707202166667,2024-05-01 10:46:59.595,{'asvid': 16},2024-05-01 10:46:59
"May 01, 2024",10:46:53,0.00,0.00,-0.10,0.00,81.58,5.53,25.753,49809.71,32.58,14.76,10.158,25.909566873333333,-80.13707216333333,2024-05-01 10:46:53.525,{'asvid': 16},2024-05-01 10:46:53
"May 01, 2024",10:46:47,0.00,0.00,-0.14,0.00,81.19,5.50,25.761,49792.65,32.56,14.76,10.158,25.909567778333333,-80.13707232666667,2024-05-01 10:46:47.446,{'asvid': 16},2024-05-01 10:46:47
"May 01, 2024",10:46:41,0.00,0.00,-0.13,0.00,80.75,5.47,25.778,49755.47,32.54,14.75,10.158,25.909568216666667,-80.13707247166667,2024-05-01 10:46:41.361,{'asvid': 16},2024-05-01 10:46:41
"May 01, 2024",10:46:35,0.00,0.00,-0.10,0.00,80.24,5.44,25.778,49738.48,32.52,14.75,10.158,25.909569473333335,-80.137072925,2024-05-01 10:46:35.277,{'asvid': 16},2024-05-01 10:46:35
"May 01, 2024",10:46:29,0.00,0.00,-0.10,0.00,79.90,5.41,25.792,49723.36,32.51,14.76,10.159,25.909570188333333,-80.13707321166666,2024-05-01 10:46:29.206,{'asvid': 16},2024-05-01 10:46:29
"May 01, 2024",10:46:23,0.00,0.00,-0.07,0.00,79.76,5.40,25.820,49696.59,32.49,14.76,10.159,25.90957235833333,-80.13707417,2024-05-01 10:46:23.126,{'asvid': 16},2024-05-01 10:46:23
"May 01, 2024",10:46:17,0.00,0.00,-0.07,0.00,79.33,5.37,25.822,49702.10,32.50,14.76,10.159,25.909573558333335,-80.13707543,2024-05-01 10:46:17.026,{'asvid': 16},2024-05-01 10:46:17
"May 01, 2024",10:46:10,0.00,0.00,-0.02,0.00,78.94,5.35,25.840,49686.79,32.49,14.76,10.159,25.909573826666666,-80.13707739166666,2024-05-01 10:46:10.932,{'asvid': 16},2024-05-01 10:46:10
"May 01, 2024",10:46:04,0.00,0.00,-0.04,0.00,78.87,5.34,25.849,49687.40,32.49,14.76,10.161,25.90957385666667,-80.137078355,2024-05-01 10:46:04.827,{'asvid': 16},2024-05-01 10:46:04
"May 01, 2024",10:45:58,0.00,0.00,-0.05,0.00,79.12,5.36,25.853,49700.38,32.49,14.76,10.164,25.909574011666667,-80.13708036666667,2024-05-01 10:45:58.746,{'asvid': 16},2024-05-01 10:45:58
"May 01, 2024",10:45:52,0.00,0.00,-0.06,0.00,78.83,5.34,25.871,49693.73,32.49,14.76,10.164,25.909574228333334,-80.13708149166666,2024-05-01 10:45:52.665,{'asvid': 16},2024-05-01 10:45:52
"May 01, 2024",10:45:46,0.00,0.00,-0.04,0.00,77.98,5.28,25.881,49716.46,32.51,14.76,10.164,25.909574648333333,-80.13708349666666,2024-05-01 10:45:46.570,{'asvid': 16},2024-05-01 10:45:46
"May 01, 2024",10:45:40,0.00,0.00,0.01,0.00,77.28,5.23,25.920,49699.67,32.49,14.76,10.165,25.90957477,-80.13708460833334,2024-05-01 10:45:40.496,{'asvid': 16},2024-05-01 10:45:40
"May 01, 2024",10:45:34,0.00,0.00,0.22,0.00,75.87,5.13,26.064,49340.14,32.23,14.76,10.167,25.909574968333335,-80.137086695,2024-05-01 10:45:34.407,{'asvid': 16},2024-05-01 10:45:34
"May 01, 2024",10:45:28,0.00,0.00,0.46,0.00,68.59,4.63,26.187,48909.78,31.91,14.76,10.170,25.90957514666667,-80.13708782666667,2024-05-01 10:45:28.315,{'asvid': 16},2024-05-01 10:45:28
"May 01, 2024",10:45:22,0.00,0.00,0.54,0.00,68.46,4.62,26.207,48832.93,31.85,14.77,10.172,25.909575686666667,-80.137090045,2024-05-01 10:45:22.246,{'asvid': 16},2024-05-01 10:45:22
"May 01, 2024",10:45:16,0.00,0.00,0.63,0.00,68.20,4.61,26.218,48844.43,31.86,14.77,10.174,25.90957602,-80.13709113833333,2024-05-01 10:45:16.175,{'asvid': 16},2024-05-01 10:45:16
"May 01, 2024",10:45:09,0.00,0.00,0.65,0.00,68.93,4.65,26.259,48759.27,31.80,14.77,10.176,25.909576915,-80.137093635,2024-05-01 10:45:09.991,{'asvid': 16},2024-05-01 10:45:09
"May 01, 2024",10:45:03,0.00,0.00,0.57,0.00,70.55,4.77,26.209,48855.25,31.87,14.77,10.177,25.909577261666666,-80.13709498333333,2024-05-01 10:45:03.931,{'asvid': 16},2024-05-01 10:45:03
"May 01, 2024",10:44:57,0.00,0.00,0.34,0.00,72.45,4.90,26.044,49292.23,32.19,14.78,10.177,25.909579191666666,-80.13709868,2024-05-01 10:44:57.829,{'asvid': 16},2024-05-01 10:44:57
"May 01, 2024",10:44:51,0.00,0.00,0.06,0.00,76.47,5.18,25.881,49704.66,32.50,14.78,10.174,25.909580431666665,-80.13709948833333,2024-05-01 10:44:51.730,{'asvid': 16},2024-05-01 10:44:51
"May 01, 2024",10:44:45,0.00,0.00,-0.04,0.00,81.72,5.54,25.810,49842.51,32.60,14.77,10.169,25.909582051666668,-80.13709958333334,2024-05-01 10:44:45.651,{'asvid': 16},2024-05-01 10:44:45
"May 01, 2024",10:44:39,0.00,0.00,-0.04,0.00,81.81,5.54,25.788,49858.18,32.61,14.77,10.167,25.909582891666666,-80.13709963166667,2024-05-01 10:44:39.562,{'asvid': 16},2024-05-01 10:44:39
"May 01, 2024",10:44:33,0.00,0.00,-0.01,0.00,81.76,5.54,25.795,49862.09,32.61,14.77,10.167,25.909584726666665,-80.137099685,2024-05-01 10:44:33.471,{'asvid': 16},2024-05-01 10:44:33
"May 01, 2024",10:44:27,0.00,0.00,0.00,0.00,81.71,5.53,25.797,49885.07,32.63,14.77,10.166,25.909585785,-80.13709974166666,2024-05-01 10:44:27.379,{'asvid': 16},2024-05-01 10:44:27
"May 01, 2024",10:44:21,0.00,0.00,-0.03,0.00,81.70,5.53,25.798,49887.56,32.63,14.76,10.163,25.909587808333335,-80.13709973666667,2024-05-01 10:44:21.300,{'asvid': 16},2024-05-01 10:44:21
"May 01, 2024",10:44:15,0.00,0.00,-0.05,0.00,81.63,5.53,25.798,49871.15,32.62,14.76,10.164,25.909590005,-80.13709984,2024-05-01 10:44:15.231,{'asvid': 16},2024-05-01 10:44:15
"May 01, 2024",10:44:09,0.00,0.00,0.07,0.00,81.54,5.52,25.796,49861.47,32.61,14.76,10.164,25.909591171666666,-80.13709995833334,2024-05-01 10:44:09.149,{'asvid': 16},2024-05-01 10:44:09
"May 01, 2024",10:44:03,0.00,0.00,0.19,0.00,81.44,5.52,25.794,49852.77,32.61,14.76,10.164,25.909593511666667,-80.13710024666666,2024-05-01 10:44:03.064,{'asvid': 16},2024-05-01 10:44:03
"May 01, 2024",10:43:56,0.00,0.00,0.26,0.00,81.48,5.52,25.790,49853.80,32.61,14.76,10.163,25.90959481166667,-80.13710054,2024-05-01 10:43:56.979,{'asvid': 16},2024-05-01 10:43:56
"May 01, 2024",10:43:50,0.00,0.00,0.26,0.00,81.50,5.52,25.789,49867.17,32.62,14.76,10.163,25.909597511666668,-80.13710102666667,2024-05-01 10:43:50.921,{'asvid': 16},2024-05-01 10:43:50
"May 01, 2024",10:43:44,0.00,0.00,0.22,0.00,81.49,5.52,25.786,49870.33,32.62,14.76,10.163,25.909598863333333,-80.13710138,2024-05-01 10:43:44.832,{'asvid': 16},2024-05-01 10:43:44
"May 01, 2024",10:43:38,0.00,0.00,0.21,0.00,81.42,5.52,25.784,49861.50,32.61,14.76,10.163,25.909602153333335,-80.13710233,2024-05-01 10:43:38.741,{'asvid': 16},2024-05-01 10:43:38
"May 01, 2024",10:43:32,0.00,0.00,0.21,0.00,81.31,5.51,25.785,49849.69,32.61,14.76,10.163,25.909604346666665,-80.13710287166667,2024-05-01 10:43:32.660,{'asvid': 16},2024-05-01 10:43:32
"May 01, 2024",10:43:26,0.00,0.00,0.24,0.00,81.27,5.51,25.790,49839.11,32.60,14.76,10.163,25.909609706666668,-80.13710628666666,2024-05-01 10:43:26.580,{'asvid': 16},2024-05-01 10:43:26
"May 01, 2024",10:43:20,0.00,0.00,0.25,0.00,81.36,5.51,25.792,49831.76,32.59,14.76,10.163,25.909611283333334,-80.13710953333333,2024-05-01 10:43:20.507,{'asvid': 16},2024-05-01 10:43:20
"May 01, 2024",10:43:14,0.00,0.00,0.28,0.00,81.54,5.52,25.787,49832.67,32.59,14.76,10.163,25.909609726666666,-80.137116875,2024-05-01 10:43:14.406,{'asvid': 16},2024-05-01 10:43:14
"May 01, 2024",10:43:08,0.00,0.00,0.26,0.00,81.56,5.53,25.776,49841.53,32.60,14.76,10.163,25.909606668333332,-80.13711966666666,2024-05-01 10:43:08.309,{'asvid': 16},2024-05-01 10:43:08
"May 01, 2024",10:43:02,0.00,0.00,0.24,0.00,81.48,5.52,25.773,49855.30,32.61,14.76,10.163,25.909599855,-80.13711941666666,2024-05-01 10:43:02.210,{'asvid': 16},2024-05-01 10:43:02
"May 01, 2024",10:42:56,0.00,0.00,0.26,0.00,81.59,5.53,25.781,49858.05,32.61,14.76,10.163,25.909596268333335,-80.13711760166667,2024-05-01 10:42:56.133,{'asvid': 16},2024-05-01 10:42:56
"May 01, 2024",10:42:50,0.00,0.00,0.29,0.00,81.70,5.54,25.772,49874.80,32.62,14.76,10.162,25.909590071666667,-80.13710993166667,2024-05-01 10:42:50.065,{'asvid': 16},2024-05-01 10:42:50
"May 01, 2024",10:42:43,0.00,0.00,0.26,0.00,81.68,5.53,25.761,49895.26,32.64,14.76,10.162,25.909588441666667,-80.13710490666666,2024-05-01 10:42:43.967,{'asvid': 16},2024-05-01 10:42:43
"May 01, 2024",10:42:37,0.00,0.00,0.23,0.00,81.59,5.53,25.757,49904.25,32.65,14.76,10.162,25.909583546666667,-80.13709335,2024-05-01 10:42:37.866,{'asvid': 16},2024-05-01 10:42:37
"May 01, 2024",10:42:31,0.00,0.00,0.24,0.00,81.40,5.52,25.753,49910.19,32.65,14.76,10.162,25.909579473333334,-80.13708695166666,2024-05-01 10:42:31.772,{'asvid': 16},2024-05-01 10:42:31
"May 01, 2024",10:42:25,0.00,0.00,0.24,0.00,81.17,5.50,25.756,49911.11,32.65,14.76,10.162,25.909568751666665,-80.13707009833334,2024-05-01 10:42:25.689,{'asvid': 16},2024-05-01 10:42:25
"May 01, 2024",10:42:19,0.00,0.00,0.27,0.00,81.06,5.49,25.769,49901.85,32.64,14.76,10.162,25.909562671666666,-80.137060345,2024-05-01 10:42:19.501,{'asvid': 16},2024-05-01 10:42:19
"May 01, 2024",10:42:13,0.00,0.00,0.25,0.00,81.06,5.49,25.775,49892.95,32.64,14.76,10.162,25.909555821666668,-80.13704981333333,2024-05-01 10:42:13.430,{'asvid': 16},2024-05-01 10:42:13
"May 01, 2024",10:42:07,0.00,0.00,0.28,0.00,81.07,5.49,25.774,49890.35,32.64,14.76,10.162,25.909554691666667,-80.137047995,2024-05-01 10:42:07.350,{'asvid': 16},2024-05-01 10:42:07
"May 01, 2024",10:42:01,0.00,0.00,0.30,0.00,81.03,5.49,25.773,49890.13,32.64,14.76,10.162,25.909552143333332,-80.13704422166667,2024-05-01 10:42:01.271,{'asvid': 16},2024-05-01 10:42:01
"May 01, 2024",10:41:55,0.00,0.00,0.32,0.00,80.95,5.48,25.774,49887.61,32.63,14.76,10.162,25.909550755,-80.13704223333333,2024-05-01 10:41:55.180,{'asvid': 16},2024-05-01 10:41:55
"May 01, 2024",10:41:49,0.00,0.00,0.34,0.00,80.80,5.47,25.774,49889.56,32.64,14.76,10.162,25.909547566666667,-80.137037935,2024-05-01 10:41:49.090,{'asvid': 16},2024-05-01 10:41:49
"May 01, 2024",10:41:43,0.00,0.00,0.37,0.00,80.56,5.46,25.771,49895.51,32.64,14.76,10.161,25.909545816666668,-80.13703577,2024-05-01 10:41:43.009,{'asvid': 16},2024-05-01 10:41:43
"May 01, 2024",10:41:36,0.00,0.00,0.37,0.00,80.31,5.44,25.765,49900.18,32.64,14.76,10.161,25.909541923333332,-80.13703113666666,2024-05-01 10:41:36.930,{'asvid': 16},2024-05-01 10:41:36
"May 01, 2024",10:41:30,0.00,0.00,0.35,0.00,80.20,5.43,25.763,49897.97,32.64,14.76,10.161,25.909539893333335,-80.13702870666667,2024-05-01 10:41:30.851,{'asvid': 16},2024-05-01 10:41:30
"May 01, 2024",10:41:24,0.00,0.00,0.34,0.00,80.17,5.43,25.767,49887.13,32.63,14.76,10.161,25.909535308333332,-80.13702341166666,2024-05-01 10:41:24.763,{'asvid': 16},2024-05-01 10:41:24
"May 01, 2024",10:41:18,0.00,0.00,0.32,0.00,80.14,5.43,25.788,49843.45,32.60,14.76,10.162,25.909529873333334,-80.137017305,2024-05-01 10:41:18.580,{'asvid': 16},2024-05-01 10:41:18
"May 01, 2024",10:41:12,0.00,0.00,0.34,0.00,80.09,5.42,25.810,49779.71,32.55,14.76,10.162,25.909526981666666,-80.13701396,2024-05-01 10:41:12.502,{'asvid': 16},2024-05-01 10:41:12
"May 01, 2024",10:41:06,0.00,0.00,0.38,0.00,79.98,5.42,25.822,49737.06,32.52,14.76,10.162,25.909519903333333,-80.13700573833333,2024-05-01 10:41:06.400,{'asvid': 16},2024-05-01 10:41:06
"May 01, 2024",10:41:00,0.00,0.00,0.41,0.00,80.04,5.42,25.832,49716.89,32.51,14.76,10.162,25.909516123333333,-80.13700126166667,2024-05-01 10:41:00.320,{'asvid': 16},2024-05-01 10:41:00
"May 01, 2024",10:40:54,0.00,0.00,0.43,0.00,80.69,5.46,25.823,49757.75,32.54,14.76,10.162,25.909506801666666,-80.13699060833333,2024-05-01 10:40:54.255,{'asvid': 16},2024-05-01 10:40:54
"May 01, 2024",10:40:48,0.00,0.00,0.40,0.00,81.28,5.50,25.807,49817.29,32.58,14.76,10.161,25.909501051666666,-80.13698437333333,2024-05-01 10:40:48.160,{'asvid': 16},2024-05-01 10:40:48
"May 01, 2024",10:40:42,0.00,0.00,0.40,0.00,81.29,5.51,25.784,49864.22,32.62,14.76,10.161,25.90948651,-80.136968915,2024-05-01 10:40:42.062,{'asvid': 16},2024-05-01 10:40:42
"May 01, 2024",10:40:35,0.00,0.00,0.37,0.00,81.21,5.50,25.779,49869.66,32.62,14.76,10.161,25.909481498333335,-80.13696393,2024-05-01 10:40:35.965,{'asvid': 16},2024-05-01 10:40:35
"May 01, 2024",10:40:29,0.00,0.00,0.35,0.00,80.97,5.49,25.774,49867.32,32.62,14.76,10.161,25.909481908333333,-80.13696425,2024-05-01 10:40:29.870,{'asvid': 16},2024-05-01 10:40:29
"May 01, 2024",10:40:23,0.00,0.00,0.37,0.00,80.36,5.44,25.778,49851.24,32.61,14.76,10.160,25.909482745,-80.13696506166667,2024-05-01 10:40:23.800,{'asvid': 16},2024-05-01 10:40:23
"May 01, 2024",10:40:17,0.00,0.00,0.45,0.00,79.91,5.41,25.806,49777.30,32.55,14.76,10.161,25.909484576666667,-80.13696653666666,2024-05-01 10:40:17.721,{'asvid': 16},2024-05-01 10:40:17
"May 01, 2024",10:40:11,0.00,0.00,0.48,0.00,80.36,5.44,25.847,49688.33,32.49,14.76,10.161,25.90948587666667,-80.13696705333334,2024-05-01 10:40:11.631,{'asvid': 16},2024-05-01 10:40:11
"May 01, 2024",10:40:05,0.00,0.00,0.54,0.00,81.19,5.50,25.844,49716.36,32.51,14.76,10.161,25.909487939999998,-80.13696517666666,2024-05-01 10:40:05.546,{'asvid': 16},2024-05-01 10:40:05
"May 01, 2024",10:39:59,0.00,0.00,0.52,0.00,82.36,5.58,25.810,49812.88,32.58,14.76,10.160,25.909488451666668,-80.13696442666667,2024-05-01 10:39:59.364,{'asvid': 16},2024-05-01 10:39:59
"May 01, 2024",10:39:53,0.00,0.00,0.50,0.00,83.40,5.65,25.777,49877.91,32.63,14.76,10.160,25.909488751666668,-80.13696322333334,2024-05-01 10:39:53.287,{'asvid': 16},2024-05-01 10:39:53
"May 01, 2024",10:39:47,0.00,0.00,0.43,0.00,83.56,5.66,25.759,49912.00,32.65,14.76,10.160,25.909487263333332,-80.13696229666667,2024-05-01 10:39:47.185,{'asvid': 16},2024-05-01 10:39:47
"May 01, 2024",10:39:41,0.00,0.00,0.44,0.00,83.61,5.67,25.765,49874.21,32.62,14.76,10.160,25.909483476666665,-80.13696511666667,2024-05-01 10:39:41.097,{'asvid': 16},2024-05-01 10:39:41
"May 01, 2024",10:39:35,0.00,0.00,0.48,0.00,83.62,5.67,25.765,49829.82,32.59,14.76,10.160,25.909483366666667,-80.136968365,2024-05-01 10:39:35.001,{'asvid': 16},2024-05-01 10:39:35
"May 01, 2024",10:39:28,0.00,0.00,0.53,0.00,83.49,5.66,25.761,49809.52,32.58,14.76,10.160,25.909485016666668,-80.13697134833333,2024-05-01 10:39:28.805,{'asvid': 16},2024-05-01 10:39:28
"May 01, 2024",10:39:22,0.00,0.00,0.56,0.00,82.95,5.62,25.753,49811.01,32.58,14.76,10.160,25.909485946666667,-80.13697227666667,2024-05-01 10:39:22.711,{'asvid': 16},2024-05-01 10:39:22
"May 01, 2024",10:39:16,0.00,0.00,0.82,0.00,82.00,5.56,25.778,49771.21,32.55,14.76,10.160,25.909487975,-80.13697421833334,2024-05-01 10:39:16.605,{'asvid': 16},2024-05-01 10:39:16
"May 01, 2024",10:39:10,0.00,0.00,1.05,0.00,80.93,5.48,25.825,49725.93,32.51,14.76,10.160,25.909489041666667,-80.13697518166667,2024-05-01 10:39:10.507,{'asvid': 16},2024-05-01 10:39:10
"May 01, 2024",10:39:04,0.00,0.00,0.63,0.00,81.00,5.48,25.872,49723.62,32.51,14.76,10.161,25.909491355,-80.13697727666667,2024-05-01 10:39:04.422,{'asvid': 16},2024-05-01 10:39:04
"May 01, 2024",10:38:58,0.00,0.00,0.08,0.00,81.78,5.54,25.848,49779.16,32.55,14.76,10.161,25.909492556666667,-80.13697829166667,2024-05-01 10:38:58.322,{'asvid': 16},2024-05-01 10:38:58
"May 01, 2024",10:38:52,0.00,0.00,-0.07,0.00,82.19,5.57,25.754,49867.09,32.62,14.76,10.160,25.90949508,-80.13698031,2024-05-01 10:38:52.225,{'asvid': 16},2024-05-01 10:38:52
"May 01, 2024",10:38:46,0.00,0.00,-0.11,0.00,82.31,5.58,25.716,49890.82,32.64,14.76,10.160,25.909496313333335,-80.136981235,2024-05-01 10:38:46.149,{'asvid': 16},2024-05-01 10:38:46
"May 01, 2024",10:38:39,0.00,0.00,-0.16,0.00,82.44,5.59,25.704,49907.34,32.65,14.76,10.160,25.909499095,-80.13698334833333,2024-05-01 10:38:39.959,{'asvid': 16},2024-05-01 10:38:39
"May 01, 2024",10:38:33,0.00,0.00,-0.11,0.00,82.48,5.59,25.700,49919.70,32.66,14.76,10.160,25.90950049,-80.13698447166666,2024-05-01 10:38:33.880,{'asvid': 16},2024-05-01 10:38:33
"May 01, 2024",10:38:27,0.00,0.00,-0.06,0.00,82.38,5.59,25.698,49922.16,32.66,14.76,10.160,25.909503598333334,-80.13698688333334,2024-05-01 10:38:27.780,{'asvid': 16},2024-05-01 10:38:27
"May 01, 2024",10:38:21,0.00,0.00,-0.08,0.00,81.98,5.56,25.706,49929.07,32.67,14.76,10.160,25.909506776666667,-80.13698936666667,2024-05-01 10:38:21.699,{'asvid': 16},2024-05-01 10:38:21
"May 01, 2024",10:38:15,0.00,0.00,-0.07,0.00,81.85,5.55,25.722,49951.11,32.68,14.76,10.159,25.90950839,-80.13699065333333,2024-05-01 10:38:15.610,{'asvid': 16},2024-05-01 10:38:15
"May 01, 2024",10:38:09,0.00,0.00,-0.10,0.00,81.97,5.56,25.721,49996.07,32.71,14.76,10.158,25.909511751666667,-80.13699350833333,2024-05-01 10:38:09.429,{'asvid': 16},2024-05-01 10:38:09
"May 01, 2024",10:38:03,0.00,0.00,-0.09,0.00,82.03,5.56,25.710,50026.36,32.74,14.76,10.158,25.909513515,-80.13699512166667,2024-05-01 10:38:03.335,{'asvid': 16},2024-05-01 10:38:03
"May 01, 2024",10:37:57,0.00,0.00,-0.02,0.00,82.03,5.56,25.709,50004.50,32.72,14.76,10.157,25.909517055,-80.13699850666667,2024-05-01 10:37:57.226,{'asvid': 16},2024-05-01 10:37:57
"May 01, 2024",10:37:51,0.00,0.00,-0.05,0.00,82.06,5.56,25.710,49980.80,32.70,14.75,10.156,25.909519001666666,-80.13700042833334,2024-05-01 10:37:51.149,{'asvid': 16},2024-05-01 10:37:51
"May 01, 2024",10:37:45,0.00,0.00,-0.09,0.00,82.00,5.56,25.707,49981.18,32.70,14.75,10.155,25.909523121666666,-80.1370049,2024-05-01 10:37:45.065,{'asvid': 16},2024-05-01 10:37:45
"May 01, 2024",10:37:38,0.00,0.00,-0.09,0.00,81.89,5.55,25.701,49986.82,32.71,14.75,10.155,25.909525265,-80.137007385,2024-05-01 10:37:38.850,{'asvid': 16},2024-05-01 10:37:38
"May 01, 2024",10:37:32,0.00,0.00,-0.08,0.00,81.80,5.55,25.704,49983.16,32.71,14.75,10.155,25.909530315,-80.13701277666667,2024-05-01 10:37:32.772,{'asvid': 16},2024-05-01 10:37:32
"May 01, 2024",10:37:26,0.00,0.00,-0.10,0.00,81.72,5.54,25.713,49968.71,32.69,14.75,10.155,25.90953337,-80.13701576333334,2024-05-01 10:37:26.320,{'asvid': 16},2024-05-01 10:37:26
"May 01, 2024",10:37:20,0.00,0.00,-0.12,0.00,81.64,5.54,25.702,49936.08,32.67,14.75,10.156,25.909531148333333,-80.13701562166666,2024-05-01 10:37:20.237,{'asvid': 16},2024-05-01 10:37:20
"May 01, 2024",10:37:14,0.00,0.00,-0.10,0.00,81.48,5.53,25.683,49910.70,32.65,14.75,10.156,25.9095275,-80.13701428166667,2024-05-01 10:37:14.156,{'asvid': 16},2024-05-01 10:37:14
"May 01, 2024",10:37:07,0.00,0.00,-0.08,0.00,81.20,5.51,25.680,49900.19,32.65,14.75,10.156,25.909518288333334,-80.137013945,2024-05-01 10:37:07.937,{'asvid': 16},2024-05-01 10:37:07
"May 01, 2024",10:37:01,0.00,0.00,-0.07,0.00,80.72,5.48,25.682,49862.09,32.62,14.75,10.156,25.909513888333333,-80.13701630166666,2024-05-01 10:37:01.856,{'asvid': 16},2024-05-01 10:37:01
"May 01, 2024",10:36:55,0.00,0.00,0.01,0.00,80.39,5.46,25.686,49831.50,32.59,14.75,10.157,25.909505925,-80.13702592666667,2024-05-01 10:36:55.766,{'asvid': 16},2024-05-01 10:36:55
"May 01, 2024",10:36:49,0.00,0.00,0.16,0.00,80.18,5.44,25.687,49822.46,32.59,14.76,10.158,25.909501461666668,-80.13703169,2024-05-01 10:36:49.672,{'asvid': 16},2024-05-01 10:36:49
"May 01, 2024",10:36:43,0.00,0.00,0.22,0.00,79.71,5.41,25.694,49797.23,32.57,14.76,10.158,25.909489198333333,-80.13704578,2024-05-01 10:36:43.555,{'asvid': 16},2024-05-01 10:36:43
"May 01, 2024",10:36:37,0.00,0.00,0.15,0.00,79.92,5.42,25.704,49772.45,32.55,14.76,10.158,25.909481256666666,-80.13705477166667,2024-05-01 10:36:37.474,{'asvid': 16},2024-05-01 10:36:37
"May 01, 2024",10:36:31,0.00,0.00,-0.00,0.00,80.26,5.45,25.702,49815.99,32.58,14.76,10.158,25.909476935,-80.137061875,2024-05-01 10:36:31.392,{'asvid': 16},2024-05-01 10:36:31
"May 01, 2024",10:36:25,0.00,0.00,-0.04,0.00,79.81,5.41,25.704,49890.83,32.64,14.76,10.159,25.909479155,-80.13705920833333,2024-05-01 10:36:25.253,{'asvid': 16},2024-05-01 10:36:25
"May 01, 2024",10:36:19,0.00,0.00,-0.01,0.00,78.62,5.33,25.729,49850.93,32.61,14.76,10.159,25.90948433166667,-80.13705315833333,2024-05-01 10:36:19.079,{'asvid': 16},2024-05-01 10:36:19
"May 01, 2024",10:36:12,0.00,0.00,0.03,0.00,77.64,5.27,25.746,49771.83,32.55,14.76,10.159,25.909487188333333,-80.13704913333333,2024-05-01 10:36:12.996,{'asvid': 16},2024-05-01 10:36:12
"May 01, 2024",10:36:06,0.00,0.00,0.14,0.00,77.13,5.23,25.768,49647.01,32.46,14.76,10.160,25.909489148333332,-80.13703840166667,2024-05-01 10:36:06.790,{'asvid': 16},2024-05-01 10:36:06
"May 01, 2024",10:36:00,0.00,0.00,0.12,0.00,75.81,5.14,25.761,49705.13,32.50,14.76,10.159,25.90948909,-80.13703222333334,2024-05-01 10:36:00.701,{'asvid': 16},2024-05-01 10:36:00
"May 01, 2024",10:35:54,0.00,0.00,0.04,0.00,79.96,5.42,25.736,49905.75,32.65,14.76,10.158,25.909488275,-80.13702043666666,2024-05-01 10:35:54.576,{'asvid': 16},2024-05-01 10:35:54
"May 01, 2024",10:35:48,0.00,0.00,0.04,0.00,79.37,5.38,25.747,49860.72,32.61,14.75,10.157,25.909487526666666,-80.13701729166667,2024-05-01 10:35:48.370,{'asvid': 16},2024-05-01 10:35:48
"May 01, 2024",10:35:42,0.00,0.00,0.02,0.00,78.64,5.33,25.753,49833.20,32.59,14.75,10.157,25.90948622,-80.137012925,2024-05-01 10:35:42.287,{'asvid': 16},2024-05-01 10:35:42
"May 01, 2024",10:35:36,0.00,0.00,0.00,0.00,77.73,5.27,25.748,49857.02,32.61,14.75,10.157,25.909485948333334,-80.13701180666666,2024-05-01 10:35:36.088,{'asvid': 16},2024-05-01 10:35:36
"May 01, 2024",10:35:30,0.00,0.00,0.11,0.00,76.69,5.20,25.765,49729.11,32.52,14.75,10.158,25.909485076666666,-80.13700939166667,2024-05-01 10:35:30.031,{'asvid': 16},2024-05-01 10:35:30
"May 01, 2024",10:35:23,0.00,0.00,0.21,0.00,76.53,5.19,25.768,49614.24,32.43,14.76,10.160,25.90948459333333,-80.13700818166667,2024-05-01 10:35:23.935,{'asvid': 16},2024-05-01 10:35:23
"May 01, 2024",10:35:17,0.00,0.00,0.16,0.00,76.90,5.22,25.741,49677.83,32.48,14.76,10.160,25.909483563333332,-80.13700521833333,2024-05-01 10:35:17.750,{'asvid': 16},2024-05-01 10:35:17
"May 01, 2024",10:35:11,0.00,0.00,0.13,0.00,77.57,5.26,25.728,49766.97,32.55,14.76,10.160,25.909482816666667,-80.13700373833333,2024-05-01 10:35:11.687,{'asvid': 16},2024-05-01 10:35:11
"May 01, 2024",10:35:05,0.00,0.00,0.15,0.00,74.37,5.05,25.760,49610.48,32.43,14.76,10.160,25.909481296666666,-80.13700224333333,2024-05-01 10:35:05.471,{'asvid': 16},2024-05-01 10:35:05
"May 01, 2024",10:34:59,0.00,0.00,0.71,0.00,73.21,4.97,25.784,49366.68,32.25,14.76,10.162,25.909480603333332,-80.13700186833333,2024-05-01 10:34:59.268,{'asvid': 16},2024-05-01 10:34:59
"May 01, 2024",10:34:53,0.00,0.00,1.20,0.00,71.79,4.88,25.777,49265.10,32.18,14.76,10.162,25.909479263333335,-80.13700111666667,2024-05-01 10:34:53.170,{'asvid': 16},2024-05-01 10:34:53
"May 01, 2024",10:34:47,0.00,0.00,1.74,0.00,73.80,5.01,25.786,49287.55,32.19,14.75,10.160,25.909477578333334,-80.13700032666667,2024-05-01 10:34:47.089,{'asvid': 16},2024-05-01 10:34:47
"May 01, 2024",10:34:41,0.00,0.00,2.31,0.00,74.17,5.03,25.795,49419.42,32.29,14.75,10.158,25.909476175,-80.13699966333333,2024-05-01 10:34:41.013,{'asvid': 16},2024-05-01 10:34:41
"May 01, 2024",10:34:34,0.00,0.00,2.80,0.00,72.95,4.95,25.811,49261.79,32.17,14.75,10.159,25.909473833333333,-80.136993995,2024-05-01 10:34:34.886,{'asvid': 16},2024-05-01 10:34:34
"May 01, 2024",10:34:28,0.00,0.00,2.27,0.00,71.60,4.86,25.847,49027.13,32.00,14.75,10.160,25.909474763333332,-80.13699022166666,2024-05-01 10:34:28.690,{'asvid': 16},2024-05-01 10:34:28
"May 01, 2024",10:34:22,0.00,0.00,1.05,0.00,71.33,4.84,25.869,48959.32,31.95,14.75,10.161,25.909478078333333,-80.13698561333334,2024-05-01 10:34:22.271,{'asvid': 16},2024-05-01 10:34:22
